Keywords,Values,Location,Location group,URL
Keywords,Values,Location,Location group,URL
Keywords,Values,Location,Location group,URL
Keywords,Values,Location,Location group,URL
Keywords,Values,Location,Location group,URL
Keywords,Values,Location,Location group,URL
Keywords,Values,Location,Location group,URL
Keywords,Values,Location,Location group,URL
Keywords,Values,Location,Location group,URL
Keywords,Values,Location,Location group,URL
Keywords,Values,Location,Location group,URL
Keywords,Values,Location,Location group,URL
Keywords,Search times,Location,Location group,URL Address
обувки,254
obuvki,160
обувки добрич,69
патерици,68
слухови апарати,63
ортопедични обувки,51
столове,31
siemens,21
инвалидни колички,20
ортопедични стелки,18
перуки,16
медицински обувки,15
obuwki,14
слухови апарати цени,12
стелки за обувки,11
слухов апарат,10
disability,<10
hospital,<10
ibuvki,<10
medical store,<10
obivki,<10
obubki,<10
obuvk,<10
obuvki shop,<10
obuvki.,<10
obyvki,<10
onuvki,<10
rzi dobrich,<10
slemens,<10
wheel chair,<10
wheelchair,<10
бг обувки,<10
безплатни слухови апарати,<10
добрич,<10
колички,<10
магазин,<10
магазин за обувки,<10
магазин за столове,<10
магазин ортопедия,<10
магазини за обувки,<10
мария,<10
обув,<10
обуви,<10
обужки,<10
ортопедичен магазин,<10
ортопедични възглавници,<10
ортопедични стелки за обувки,<10
ортопедични стелки по поръчка,<10
санитарен магазин,<10
санитарни магазини,<10
стелки,<10
jewelry,25
jewellery,24
custom jewlery,17
handmade,13
necklace,12
rings near me,11
accessories,<10
bracelet,<10
bracelets,<10
bulgarian shop near me,<10
buy rings near me,<10
custom jewelry,<10
design shop,<10
earrings,<10
earrings shop,<10
en route jewelry,<10
fashion jewelry,<10
goldschmied ingolstadt,<10
hadmade,<10
hand made shop,<10
handcrafted jewelry,<10
handmade jewellery,<10
handmade jewelry,<10
handmade rings,<10
handmade shop,<10
jewelery,<10
jewellary,<10
jewellery shop,<10
jewelry designer,<10
jewelry handmade,<10
jewelry jewellery,<10
jewelry stores,<10
jewerly,<10
jewlery,<10
juwelery,<10
juwelier,<10
juwelier ingolstadt,<10
jwellery,<10
jwerly,<10
ncklace,<10
rings,<10
schmuck designer,<10
schmuck handmade,<10
schmuck ingolstadt,<10
schmuckdesign,<10
schmuckdesigner,<10
shop handmade,<10
the jewellery shop,<10
бижута,28
alex,15
alex fashion,<10
bijuta,<10
earring,<10
earrings,<10
hand made,<10
handmade jewelry,<10
horn,<10
jewellery,<10
jewelry,<10
jewelry shop,<10
jewelry store,<10
jewerly,<10
juwery,<10
made,<10
necklace,<10
магазин за бижута,<10
